{"extCodeMirrorConfig":{"pluginModules":["ext.CodeMirror.addons"],"tagModes":{"ref":"text/mediawiki","pre":"mw-tag-pre","nowiki":"mw-tag-nowiki"},"tags":{"pre":true,"nowiki":true,"gallery":true,"indicator":true,"langconvert":true,"timeline":true,"hiero":true,"charinsert":true,"inputbox":true,"imagemap":true,"source":true,"syntaxhighlight":true,"poem":true,"categorytree":true,"score":true,"templatestyles":true,"templatedata":true,"math":true,"ce":true,"chem":true,"graph":true,"maplink":true,"mapframe":true,"ref":true,"references":true,"section":true},"doubleUnderscore":[{"__بی‌فهرست__":"notoc","__notoc__":"notoc","__بی‌نگارخانه__":"nogallery","__nogallery__":"nogallery","__بافهرست__":"forcetoc","__forcetoc__":"forcetoc","__فهرست__":"toc","__toc__":"toc","__بی‌بخش__":"noeditsection","__noeditsection__":"noeditsection",
"__عنوان‌تبدیل‌نشده__":"notitleconvert","__notitleconvert__":"notitleconvert","__notc__":"notitleconvert","__محتواتبدیل‌نشده__":"nocontentconvert","__nocontentconvert__":"nocontentconvert","__nocc__":"nocontentconvert"},{"__بخش‌جدید__":"newsectionlink","__NEWSECTIONLINK__":"newsectionlink","__بی‌پیوندبخش__":"nonewsectionlink","__بی‌پیوند‌بخش‌جدید__":"nonewsectionlink","__NONEWSECTIONLINK__":"nonewsectionlink","__رده‌پنهان__":"hiddencat","__HIDDENCAT__":"hiddencat","__EXPECTUNUSEDCATEGORY__":"expectunusedcategory","__نمایه__":"index","__INDEX__":"index","__بی‌نمایه__":"noindex","__NOINDEX__":"noindex","__تغییرمسیرثابت__":"staticredirect","__STATICREDIRECT__":"staticredirect","__NOGLOBAL__":"noglobal","__DISAMBIG__":"disambiguation"}],"functionSynonyms":[{"فن":"ns","ns":"ns","فنک":"nse","nse":"nse","کدنشانی":"urlencode","urlencode":"urlencode","ابتداکوچک":
"lcfirst","ابتدا_کوچک":"lcfirst","lcfirst":"lcfirst","ابتدابزرگ":"ucfirst","ابتدا_بزرگ":"ucfirst","ucfirst":"ucfirst","ک":"lc","lc":"lc","ب":"uc","uc":"uc","نشانی":"localurl","localurl":"localurl","نشانی‌کد":"localurle","نشانی_کد":"localurle","localurle":"localurle","نشانی‌کامل":"fullurl","نشانی_کامل":"fullurl","fullurl":"fullurl","نشانی‌کامل‌کد":"fullurle","نشانی_کامل_کد":"fullurle","fullurle":"fullurle","نشانی_استاندارد":"canonicalurl","نشانی‌استاندارد":"canonicalurl","canonicalurl":"canonicalurl","نشانی_استاندارد_کد":"canonicalurle","نشانی‌استانداردکد":"canonicalurle","canonicalurle":"canonicalurle","آرایش‌عدد":"formatnum","آرایش_عدد":"formatnum","formatnum":"formatnum","دستورزبان":"grammar","دستور_زبان":"grammar","grammar":"grammar","جنسیت":"gender","جنس":"gender","gender":"gender"
,"جمع":"plural","plural":"plural","bidi":"bidi","#زبان":"language","#language":"language","لبه‌چپ":"padleft","لبه_چپ":"padleft","padleft":"padleft","لبه‌راست":"padright","لبه_راست":"padright","padright":"padright","کدلنگر":"anchorencode","anchorencode":"anchorencode","مسیرپرونده":"filepath","مسیر_پرونده":"filepath","filepath":"filepath","شناسه_صفحه":"pageid","pageid":"pageid","ترجمه":"int","int":"int","#ویژه":"special","#special":"special","#ویژه_ای":"speciale","#speciale":"speciale","#برچسب":"tag","#tag":"tag","#آرایش‌تاریخ":"formatdate","#آرایش_تاریخ":"formatdate","#formatdate":"formatdate","#dateformat":"formatdate","#pagesusingpendingchanges":"pagesusingpendingchanges","pendingchangelevel":"pendingchangelevel","#درخت‌رده":"categorytree","#درخت_رده":"categorytree","#categorytree":"categorytree","#هدف":"target","#target":"target","#بابل":"babel",
"#babel":"babel","#coordinates":"coordinates","#درخواست":"invoke","#invoke":"invoke","#related":"related","#اگر":"if","#if":"if","#اگرمساوی":"ifeq","#ifeq":"ifeq","#گزینه":"switch","#switch":"switch","#اگرموجود":"ifexist","#ifexist":"ifexist","#اگرحساب":"ifexpr","#ifexpr":"ifexpr","#اگرخطا":"iferror","#iferror":"iferror","#زمان":"time","#time":"time","#زمان‌بلند":"timel","#timel":"timel","#حساب":"expr","#expr":"expr","#نسبی‌به‌مطلق":"rel2abs","#rel2abs":"rel2abs","#پاره‌عنوان":"titleparts","#titleparts":"titleparts","#lst":"lst","#section":"lst","#lstx":"lstx","#section-x":"lstx","#lsth":"lsth","#section-h":"lsth","noexternallanglinks":"noexternallanglinks","#ویژگی":"property","#property":"property","#statements":"statements","#commaseparatedlist":"commaSeparatedList","#mentor":"mentor","مسیرمقاله":"articlepath","مسیر_مقاله":"articlepath","articlepath":"articlepath","سرور":
"server","کارساز":"server","server":"server","نام‌کارساز":"servername","نام_کارساز":"servername","نام‌سرور":"servername","نام_سرور":"servername","servername":"servername","مسیرسند":"scriptpath","مسیر_سند":"scriptpath","scriptpath":"scriptpath","مسیرسبک":"stylepath","مسیر_سبک":"stylepath","stylepath":"stylepath","numberofwikis":"numberofwikis","wbreponame":"wbreponame"},{"تعدادصفحه‌ها":"numberofpages","NUMBEROFPAGES":"numberofpages","تعدادکاربران":"numberofusers","NUMBEROFUSERS":"numberofusers","کاربران‌فعال":"numberofactiveusers","کاربران_فعال":"numberofactiveusers","NUMBEROFACTIVEUSERS":"numberofactiveusers","تعدادمقاله‌ها":"numberofarticles","NUMBEROFARTICLES":"numberofarticles","تعدادپرونده‌ها":"numberoffiles","NUMBEROFFILES":"numberoffiles","تعدادمدیران":"numberofadmins","NUMBEROFADMINS":"numberofadmins",
"تعداددرگروه":"numberingroup","NUMBERINGROUP":"numberingroup","NUMINGROUP":"numberingroup","تعدادویرایش‌ها":"numberofedits","NUMBEROFEDITS":"numberofedits","ترتیب":"defaultsort","ترتیب‌پیش‌فرض":"defaultsort","ترتیب_پیش_فرض":"defaultsort","DEFAULTSORT":"defaultsort","DEFAULTSORTKEY":"defaultsort","DEFAULTCATEGORYSORT":"defaultsort","صفحه‌دررده":"pagesincategory","صفحه_در_رده":"pagesincategory","PAGESINCATEGORY":"pagesincategory","PAGESINCAT":"pagesincategory","اندازه‌صفحه":"pagesize","اندازه_صفحه":"pagesize","PAGESIZE":"pagesize","سطح‌حفاطت":"protectionlevel","سطح_حفاظت":"protectionlevel","PROTECTIONLEVEL":"protectionlevel","PROTECTIONEXPIRY":"protectionexpiry","فضای‌نام‌کد":"namespacee","فضای_نام_کد":"namespacee","NAMESPACEE":"namespacee","شماره_فضای_نام":"namespacenumber","شماره‌فضای‌نام":"namespacenumber",
"NAMESPACENUMBER":"namespacenumber","فضای‌بحث":"talkspace","فضای_بحث":"talkspace","TALKSPACE":"talkspace","فضای‌بحث‌کد":"talkspacee","فضای_بحث_کد":"talkspacee","TALKSPACEE":"talkspacee","فضای‌موضوع":"subjectspace","فضای‌مقاله":"subjectspace","فضای_موضوع":"subjectspace","فضای_مقاله":"subjectspace","SUBJECTSPACE":"subjectspace","ARTICLESPACE":"subjectspace","فضای‌موضوع‌کد":"subjectspacee","فضای‌مقاله‌کد":"subjectspacee","فضای_موضوع_کد":"subjectspacee","فضای_مقاله_کد":"subjectspacee","SUBJECTSPACEE":"subjectspacee","ARTICLESPACEE":"subjectspacee","نام‌صفحه":"pagename","نام_صفحه":"pagename","PAGENAME":"pagename","نام‌صفحه‌کد":"pagenamee","نام_صفحه_کد":"pagenamee","PAGENAMEE":"pagenamee","نام‌کامل‌صفحه":"fullpagename","نام_کامل_صفحه":"fullpagename","FULLPAGENAME":"fullpagename",
"نام‌کامل‌صفحه‌کد":"fullpagenamee","نام_کامل_صفحه_کد":"fullpagenamee","FULLPAGENAMEE":"fullpagenamee","نام_صفحه_ریشه":"rootpagename","ROOTPAGENAME":"rootpagename","نام_صفحه_ریشه_ای":"rootpagenamee","ROOTPAGENAMEE":"rootpagenamee","نام‌صفحه‌مبنا":"basepagename","نام_صفحه_مبنا":"basepagename","BASEPAGENAME":"basepagename","نام‌صفحه‌مبناکد":"basepagenamee","نام_صفحه_مبنا_کد":"basepagenamee","BASEPAGENAMEE":"basepagenamee","نام‌زیرصفحه":"subpagename","نام_زیرصفحه":"subpagename","SUBPAGENAME":"subpagename","نام‌زیرصفحه‌کد":"subpagenamee","نام_زیرصفحه_کد":"subpagenamee","SUBPAGENAMEE":"subpagenamee","نام‌صفحه‌بحث":"talkpagename","نام_صفحه_بحث":"talkpagename","TALKPAGENAME":"talkpagename","نام‌صفحه‌بحث‌کد":"talkpagenamee","نام_صفحه_بحث_کد":"talkpagenamee","TALKPAGENAMEE":
"talkpagenamee","نام‌صفحه‌موضوع":"subjectpagename","نام‌صفحه‌مقاله":"subjectpagename","نام_صفحه_موضوع":"subjectpagename","نام_صفحه_مقاله":"subjectpagename","SUBJECTPAGENAME":"subjectpagename","ARTICLEPAGENAME":"subjectpagename","نام‌صفحه‌موضوع‌کد":"subjectpagenamee","نام‌صفحه‌مقاله‌کد":"subjectpagenamee","نام_صفحه_موضوع_کد":"subjectpagenamee","نام_صفحه_مقاله_کد":"subjectpagenamee","SUBJECTPAGENAMEE":"subjectpagenamee","ARTICLEPAGENAMEE":"subjectpagenamee","نسخه":"revisionid","شماره‌نسخه":"revisionid","شماره_نسخه":"revisionid","REVISIONID":"revisionid","روزنسخه":"revisionday","روز_نسخه":"revisionday","REVISIONDAY":"revisionday","روزنسخه۲":"revisionday2","روز_نسخه۲":"revisionday2","روز_نسخه_۲":"revisionday2","REVISIONDAY2":"revisionday2","ماه‌نسخه":"revisionmonth","ماه_نسخه":
"revisionmonth","REVISIONMONTH":"revisionmonth","ماه‌نسخه۱":"revisionmonth1","ماه_نسخه_۱":"revisionmonth1","REVISIONMONTH1":"revisionmonth1","سال‌نسخه":"revisionyear","سال_نسخه":"revisionyear","REVISIONYEAR":"revisionyear","زمان‌یونیکسی‌نسخه":"revisiontimestamp","زمان‌نسخه":"revisiontimestamp","زمان_یونیکسی_نسخه":"revisiontimestamp","زمان_نسخه":"revisiontimestamp","REVISIONTIMESTAMP":"revisiontimestamp","کاربرنسخه":"revisionuser","کاربر_نسخه":"revisionuser","REVISIONUSER":"revisionuser","CASCADINGSOURCES":"cascadingsources","فضای‌نام":"namespace","فضای_نام":"namespace","NAMESPACE":"namespace","عنوان‌ظاهری":"displaytitle","عنوان_ظاهری":"displaytitle","DISPLAYTITLE":"displaytitle","!":"!","ماه":"currentmonth","ماه‌کنونی":"currentmonth","ماه_کنونی":"currentmonth","ماه‌کنونی۲":"currentmonth","ماه_کنونی۲":
"currentmonth","CURRENTMONTH":"currentmonth","CURRENTMONTH2":"currentmonth","ماه۱":"currentmonth1","ماه‌کنونی۱":"currentmonth1","ماه_کنونی۱":"currentmonth1","CURRENTMONTH1":"currentmonth1","نام‌ماه":"currentmonthname","نام_ماه":"currentmonthname","نام‌ماه‌کنونی":"currentmonthname","نام_ماه_کنونی":"currentmonthname","CURRENTMONTHNAME":"currentmonthname","نام‌ماه‌اضافه":"currentmonthnamegen","نام_ماه_اضافه":"currentmonthnamegen","نام‌ماه‌کنونی‌اضافه":"currentmonthnamegen","نام_ماه_کنونی_اضافه":"currentmonthnamegen","CURRENTMONTHNAMEGEN":"currentmonthnamegen","مخفف‌نام‌ماه":"currentmonthabbrev","مخفف_نام_ماه":"currentmonthabbrev","CURRENTMONTHABBREV":"currentmonthabbrev","روز":"currentday","روزکنونی":"currentday","روز_کنونی":"currentday","CURRENTDAY":"currentday","روز۲":"currentday2","روز_۲":"currentday2",
"CURRENTDAY2":"currentday2","نام‌روز":"currentdayname","نام_روز":"currentdayname","CURRENTDAYNAME":"currentdayname","سال":"currentyear","سال‌کنونی":"currentyear","سال_کنونی":"currentyear","CURRENTYEAR":"currentyear","زمان‌کنونی":"currenttime","زمان_کنونی":"currenttime","CURRENTTIME":"currenttime","ساعت":"currenthour","ساعت‌کنونی":"currenthour","ساعت_کنونی":"currenthour","CURRENTHOUR":"currenthour","ماه‌محلی":"localmonth","ماه_محلی":"localmonth","ماه‌محلی۲":"localmonth","ماه_محلی۲":"localmonth","LOCALMONTH":"localmonth","LOCALMONTH2":"localmonth","ماه‌محلی۱":"localmonth1","ماه_محلی۱":"localmonth1","LOCALMONTH1":"localmonth1","نام‌ماه‌محلی":"localmonthname","نام_ماه_محلی":"localmonthname","LOCALMONTHNAME":"localmonthname","نام‌ماه‌محلی‌اضافه":"localmonthnamegen","نام_ماه_محلی_اضافه":
"localmonthnamegen","LOCALMONTHNAMEGEN":"localmonthnamegen","مخفف‌ماه‌محلی":"localmonthabbrev","مخفف_ماه_محلی":"localmonthabbrev","LOCALMONTHABBREV":"localmonthabbrev","روزمحلی":"localday","روز_محلی":"localday","LOCALDAY":"localday","روزمحلی۲":"localday2","روز_محلی_۲":"localday2","LOCALDAY2":"localday2","نام‌روزمحلی":"localdayname","نام_روز_محلی":"localdayname","LOCALDAYNAME":"localdayname","سال‌محلی":"localyear","سال_محلی":"localyear","LOCALYEAR":"localyear","زمان‌محلی":"localtime","زمان_محلی":"localtime","LOCALTIME":"localtime","ساعت‌محلی":"localhour","ساعت_محلی":"localhour","LOCALHOUR":"localhour","نام‌وبگاه":"sitename","نام_وبگاه":"sitename","SITENAME":"sitename","هفته":"currentweek","CURRENTWEEK":"currentweek","روزهفته":"currentdow","روز_هفته":"currentdow","CURRENTDOW":"currentdow","هفته‌محلی":"localweek",
"هفته_محلی":"localweek","LOCALWEEK":"localweek","روزهفته‌محلی":"localdow","روز_هفته_محلی":"localdow","LOCALDOW":"localdow","اندازهٔ‌نسخه":"revisionsize","اندازهٔ_نسخه":"revisionsize","REVISIONSIZE":"revisionsize","نسخه‌کنونی":"currentversion","نسخه_کنونی":"currentversion","CURRENTVERSION":"currentversion","زمان‌یونیکسی":"currenttimestamp","زمان_یونیکسی":"currenttimestamp","CURRENTTIMESTAMP":"currenttimestamp","زمان‌یونیکسی‌محلی":"localtimestamp","زمان_یونیکسی_محلی":"localtimestamp","LOCALTIMESTAMP":"localtimestamp","علامت‌جهت":"directionmark","علامت_جهت":"directionmark","DIRECTIONMARK":"directionmark","DIRMARK":"directionmark","زبان‌محتوا":"contentlanguage","زبان_محتوا":"contentlanguage","CONTENTLANGUAGE":"contentlanguage","CONTENTLANG":"contentlanguage","PAGELANGUAGE":"pagelanguage"}],"urlProtocols":
"bitcoin\\:|ftp\\:\\/\\/|ftps\\:\\/\\/|geo\\:|git\\:\\/\\/|gopher\\:\\/\\/|http\\:\\/\\/|https\\:\\/\\/|irc\\:\\/\\/|ircs\\:\\/\\/|magnet\\:|mailto\\:|mms\\:\\/\\/|news\\:|nntp\\:\\/\\/|redis\\:\\/\\/|sftp\\:\\/\\/|sip\\:|sips\\:|sms\\:|ssh\\:\\/\\/|svn\\:\\/\\/|tel\\:|telnet\\:\\/\\/|urn\\:|worldwind\\:\\/\\/|xmpp\\:|\\/\\/","linkTrailCharacters":"/^([ابپتثجچحخدذرزژسشصضطظعغفقکگلمنوهیآأئؤة‌]+)(.*)$/sDu"}}