{"extCodeMirrorConfig":{"pluginModules":["ext.CodeMirror.addons"],"tagModes":{"ref":"text/mediawiki","pre":"mw-tag-pre","nowiki":"mw-tag-nowiki"},"tags":{"pre":true,"nowiki":true,"gallery":true,"indicator":true,"langconvert":true,"timeline":true,"hiero":true,"charinsert":true,"inputbox":true,"imagemap":true,"source":true,"syntaxhighlight":true,"poem":true,"categorytree":true,"score":true,"templatestyles":true,"templatedata":true,"math":true,"ce":true,"chem":true,"graph":true,"maplink":true,"mapframe":true,"ref":true,"references":true,"section":true},"doubleUnderscore":[{"__bezsadržaja__":"notoc","__notoc__":"notoc","__bez_sadržaja__":"notoc","__bezgalerije__":"nogallery","__nogallery__":"nogallery","__bez_galerije__":"nogallery","__forsiranisadržaj__":"forcetoc","__uključisadržaj__":"forcetoc","__forcetoc__":"forcetoc","__forsirani_sadržaj__":"forcetoc","__primoranisadržaj__":
"forcetoc","__primorani_sadržaj__":"forcetoc","__sadržaj__":"toc","__toc__":"toc","__bez_izmjena__":"noeditsection","__bezizmjena__":"noeditsection","__bez_izmena__":"noeditsection","__bezizmena__":"noeditsection","__noeditsection__":"noeditsection","__bezuređivanjaodlomaka__":"noeditsection","__beztc__":"notitleconvert","__bezkn__":"notitleconvert","__bpn__":"notitleconvert","__notitleconvert__":"notitleconvert","__notc__":"notitleconvert","__bezpretvaranjanaslova__":"notitleconvert","__bezcc__":"nocontentconvert","__bps__":"nocontentconvert","__nocontentconvert__":"nocontentconvert","__nocc__":"nocontentconvert","__bezpretvaranjasadržaja__":"nocontentconvert"},{"__LINKNOVESEKCIJE__":"newsectionlink","__NEWSECTIONLINK__":"newsectionlink","__NOVAVEZAODELJKA__":"newsectionlink","__NOVA_VEZA_ODELJKA__":"newsectionlink","__NOVIODLOMAKPOVEZNICA__":"newsectionlink","__BEZNOVEVEZEODELJKA__":"nonewsectionlink","__BEZ_NOVE_VEZE_ODELJKA__":"nonewsectionlink","__NONEWSECTIONLINK__":
"nonewsectionlink","__SAKRIVENAKATEGORIJA__":"hiddencat","SKRIVENAKAT":"hiddencat","__SAKRIVENAKAT__":"hiddencat","__HIDDENCAT__":"hiddencat","__SKRIVENAKAT__":"hiddencat","__EXPECTUNUSEDCATEGORY__":"expectunusedcategory","__SADRZAJ__":"index","__INDEX__":"index","__INDEKS__":"index","__KAZALO__":"index","__BEZSADRZAJA__":"noindex","__NOINDEX__":"noindex","__BEZINDEKSA__":"noindex","__BEZ_INDEKSA__":"noindex","__BEZKAZALA__":"noindex","__STATISTICNOPREUSMJERENJE__":"staticredirect","__STATICREDIRECT__":"staticredirect","__STATIČKOPREUSMERENJE__":"staticredirect","STATIČKO_PREUSMERENJE":"staticredirect","__NEPOMIČNOPREUSMJERAVANJE__":"staticredirect","__NOGLOBAL__":"noglobal","__DISAMBIG__":"disambiguation"}],"functionSynonyms":[{"ip":"ns","ns":"ns","imp":"ns","nse":"nse","dekodirajadresu":"urlencode","urlencode":"urlencode","kodiranjeadrese":"urlencode","kodiranje_adrese":"urlencode","urlkodiranje":"urlencode","lcprvi":"lcfirst","lcfirst":"lcfirst","msprvo":"lcfirst","ucprvi":
"ucfirst","ucfirst":"ucfirst","vsprvo":"ucfirst","ms":"lc","lc":"lc","vs":"uc","uc":"uc","lokalniurl":"localurl","localurl":"localurl","lokalnaadresa":"localurl","lokalna_adresa":"localurl","mjesniurl":"localurl","lokalniurle":"localurle","localurle":"localurle","lokalneadrese":"localurle","lokalne_adrese":"localurle","mjesniurle":"localurle","puniurl":"fullurl","punurl":"fullurl","fullurl":"fullurl","celaadresa":"fullurl","cela_adresa":"fullurl","puniurle":"fullurle","punurle":"fullurle","fullurle":"fullurle","celeadrese":"fullurle","cele_adrese":"fullurle","canonicalurl":"canonicalurl","canonicalurle":"canonicalurle","numerickiformat":"formatnum","formatnum":"formatnum","oblikbroja":"formatnum","gramatika":"grammar","grammar":"grammar","pol":"gender","gender":"gender","rod":"gender","lice":"gender","množina":"plural","plural":"plural","bidi":"bidi","#jezik":"language","#language":"language","jastuklijevo":"padleft","padleft":"padleft","poravnajulevo":"padleft","poravnaj_ulevo":
"padleft","postavalijevo":"padleft","jastukdesno":"padright","padright":"padright","poravnajudesno":"padright","poravnaj_udesno":"padright","postavadesno":"padright","kodiranjeveze":"anchorencode","kodiranje_veze":"anchorencode","anchorencode":"anchorencode","sidrokodiranje":"anchorencode","stazadatoteke":"filepath","filepath":"filepath","putanjadatoteke":"filepath","putanja_datoteke":"filepath","pageid":"pageid","int":"int","#posebno":"special","#special":"special","#specijalno":"special","#speciale":"speciale","#oznaka":"tag","#tag":"tag","#formatdatuma":"formatdate","#formatdate":"formatdate","#dateformat":"formatdate","#format_datuma":"formatdate","#stablokategorije":"categorytree","#stablo_kategorije":"categorytree","#categorytree":"categorytree","#target":"target","#babel":"babel","#coordinates":"coordinates","#invoke":"invoke","#related":"related","#if":"if","#ifeq":"ifeq","#switch":"switch","#ifexist":"ifexist","#ifexpr":"ifexpr","#iferror":"iferror","#time":"time","#timel":
"timel","#expr":"expr","#rel2abs":"rel2abs","#titleparts":"titleparts","#lst":"lst","#section":"lst","#lstx":"lstx","#section-x":"lstx","#lsth":"lsth","#section-h":"lsth","noexternallanglinks":"noexternallanglinks","#property":"property","#statements":"statements","#commaseparatedlist":"commaSeparatedList","#mentor":"mentor","putanjačlanka":"articlepath","putanja_članka":"articlepath","articlepath":"articlepath","server":"server","imeservera":"servername","servername":"servername","ime_servera":"servername","skripta":"scriptpath","scriptpath":"scriptpath","skript":"scriptpath","putanjaskripte":"scriptpath","putanjastila":"stylepath","putanja_stila":"stylepath","stylepath":"stylepath","numberofwikis":"numberofwikis","wbreponame":"wbreponame"},{"BROJSTRANICA":"numberofpages","BROJSTRANA":"numberofpages","NUMBEROFPAGES":"numberofpages","BROJ_STRANICA":"numberofpages","BROJKORISNIKA":"numberofusers","NUMBEROFUSERS":"numberofusers","BROJ_KORISNIKA":"numberofusers","BROJSURADNIKA":
"numberofusers","BROJAKTIVNIHKORISNIKA":"numberofactiveusers","NUMBEROFACTIVEUSERS":"numberofactiveusers","BROJ_AKTIVNIH_KORISNIKA":"numberofactiveusers","BROJAKTIVNIHSURADNIKA":"numberofactiveusers","BROJČLANAKA":"numberofarticles","NUMBEROFARTICLES":"numberofarticles","BROJ_ČLANAKA":"numberofarticles","BROJDATOTEKA":"numberoffiles","BROJFAJLOVA":"numberoffiles","NUMBEROFFILES":"numberoffiles","BROJ_DATOTEKA":"numberoffiles","BROJ_FAJLOVA":"numberoffiles","BROJADMINISTRATORA":"numberofadmins","NUMBEROFADMINS":"numberofadmins","BROJADMINA":"numberofadmins","BROJ_ADMINA":"numberofadmins","BROJUGRUPI":"numberingroup","NUMBERINGROUP":"numberingroup","NUMINGROUP":"numberingroup","BROJ_U_GRUPI":"numberingroup","BROJIZMJENA":"numberofedits","BROJIZMENA":"numberofedits","BROJUREĐIVANJA":"numberofedits","NUMBEROFEDITS":"numberofedits","BROJPROMJENA":"numberofedits","BROJ_IZMENA":"numberofedits","PODRAZUMEVANOSORTIRANJE":"defaultsort","PODRAZUMEVANIKLJUČZASORTIRANJE":"defaultsort",
"PODRAZMEVANOSORTIRANJEKATEGORIJE":"defaultsort","DEFAULTSORT":"defaultsort","GLAVNIRASPORED":"defaultsort","DEFAULTSORTKEY":"defaultsort","DEFAULTCATEGORYSORT":"defaultsort","STRANICEUKATEGORIJI":"pagesincategory","STRANICEUKAT":"pagesincategory","PAGESINCATEGORY":"pagesincategory","PAGESINCAT":"pagesincategory","STRANICAUKATEGORIJI":"pagesincategory","STRANAUKATEGORIJI":"pagesincategory","STRANICA_U_KATEGORIJI":"pagesincategory","STRANA_U_KATEGORIJI":"pagesincategory","STRANICEPOKATEGORIJI":"pagesincategory","VELICINASTRANICE":"pagesize","VELIČINASTRANICE":"pagesize","VELIČINASTRANE":"pagesize","VELICINASTRANE":"pagesize","PAGESIZE":"pagesize","VELIČINA_STRANICE":"pagesize","VELIČINA_STRANE":"pagesize","NIVOZASTITE":"protectionlevel","PROTECTIONLEVEL":"protectionlevel","NIVOZAŠTITE":"protectionlevel","NIVO_ZAŠTITE":"protectionlevel","PROTECTIONEXPIRY":"protectionexpiry","IMENSKIPROSTORI":"namespacee","NAMESPACEE":"namespacee","IMENSKI_PROSTORI":"namespacee","IMENSKIPROSTORE":
"namespacee","BROJIMENSKOGPROSTORA":"namespacenumber","NAMESPACENUMBER":"namespacenumber","PROSTORZARAZGOVOR":"talkspace","TALKSPACE":"talkspace","RAZGOVOR":"talkspace","PROSTORIZARAZGOVOR":"talkspacee","TALKSPACEE":"talkspacee","RAZGOVORI":"talkspacee","RAZGOVORE":"talkspacee","PROSTORSUBJEKTA":"subjectspace","PROSTORCLANAKA":"subjectspace","SUBJECTSPACE":"subjectspace","ARTICLESPACE":"subjectspace","IMENSKIPROSTORČLANKA":"subjectspace","IMENSKI_PROSTOR_ČLANKA":"subjectspace","PROSTORSTRANICE":"subjectspace","IMPSTRANICE":"subjectspace","PROSTORISUBJEKTA":"subjectspacee","PROSTORICLANKA":"subjectspacee","SUBJECTSPACEE":"subjectspacee","ARTICLESPACEE":"subjectspacee","IMENSKIPROSTORČLANAKA":"subjectspacee","IMENSKI_PROSTOR_ČLANAKA":"subjectspacee","PROSTORSTRANICEE":"subjectspacee","IMPSTRANICEE":"subjectspacee","STRANICA":"pagename","IMESTRANICE":"pagename","PAGENAME":"pagename","IME_STRANICE":"pagename","STRANICE":"pagenamee","IMESTRANICEE":"pagenamee","PAGENAMEE":"pagenamee",
"IMENASTRANICA":"pagenamee","IMENA_STRANICA":"pagenamee","PUNOIMESTRANE":"fullpagename","PUNOIMESTRANICE":"fullpagename","FULLPAGENAME":"fullpagename","PUNO_IME_STRANICE":"fullpagename","PUNO_IME_STRANE":"fullpagename","PUNOIMESTRANEE":"fullpagenamee","PUNOIMESTRANICEE":"fullpagenamee","FULLPAGENAMEE":"fullpagenamee","PUNAIMENASTRANICA":"fullpagenamee","PUNAIMENASTRANA":"fullpagenamee","PUNA_IMENA_STRANICA":"fullpagenamee","PUNA_IMENA_STRANA":"fullpagenamee","ROOTPAGENAME":"rootpagename","ROOTPAGENAMEE":"rootpagenamee","IMEBAZNESTRANICE":"basepagename","BASEPAGENAME":"basepagename","IMEOSNOVE":"basepagename","IME_OSNOVE":"basepagename","IMEOSNOVNESTRANICE":"basepagename","IMENABAZNESTRANICE":"basepagenamee","BASEPAGENAMEE":"basepagenamee","IMENAOSNOVA":"basepagenamee","IMENA_OSNOVA":"basepagenamee","IMEOSNOVNESTRANICEE":"basepagenamee","IMEPODSTRANICE":"subpagename","SUBPAGENAME":"subpagename","IMEPODSTRANE":"subpagename","IME_PODSTRANICE":"subpagename","IME_PODSTRANE":"subpagename",
"IMENAPODSTRANICE":"subpagenamee","SUBPAGENAMEE":"subpagenamee","IMENAPODSTRANICA":"subpagenamee","IMENAPODSTRANA":"subpagenamee","IMENA_PODSTRANICA":"subpagenamee","IMENA_PODSTRANA":"subpagenamee","IMEPODSTRANICEE":"subpagenamee","IMESTRANICERAZGOVORA":"talkpagename","TALKPAGENAME":"talkpagename","IMERAZGOVORA":"talkpagename","IME_RAZGOVORA":"talkpagename","IMERAZGOVORASTRANICE":"talkpagename","IMENASTRANICERAZGOVORA":"talkpagenamee","TALKPAGENAMEE":"talkpagenamee","IMENARAZGOVORA":"talkpagenamee","IMENA_RAZGOVORA":"talkpagenamee","IMERAZGOVORASTRANICEE":"talkpagenamee","IMESTRANICESUBKJEKTA":"subjectpagename","IMESTRANICECLANKA":"subjectpagename","SUBJECTPAGENAME":"subjectpagename","ARTICLEPAGENAME":"subjectpagename","IMEČLANKA":"subjectpagename","IME_ČLANKA":"subjectpagename","IMEGLAVNESTRANICE":"subjectpagename","IMENASTRANICESUBJEKTA":"subjectpagenamee","IMENASTRANICECLANAKA":"subjectpagenamee","SUBJECTPAGENAMEE":"subjectpagenamee","ARTICLEPAGENAMEE":"subjectpagenamee",
"IMENAČLANAKA":"subjectpagenamee","IMENA_ČLANAKA":"subjectpagenamee","IMEGLAVNESTRANICEE":"subjectpagenamee","IDIZMJENE":"revisionid","IDIZMENE":"revisionid","REVISIONID":"revisionid","IDREVIZIJE":"revisionid","ID_REVIZIJE":"revisionid","IB_IZMENE":"revisionid","IZMJENEDANA":"revisionday","IZMENEDANA":"revisionday","REVISIONDAY":"revisionday","REVIZIJEDANA":"revisionday","DANIZMENE":"revisionday","DAN_IZMENE":"revisionday","DANIZMJENE":"revisionday","IZMJENEDANA2":"revisionday2","IZMENEDANA2":"revisionday2","REVISIONDAY2":"revisionday2","REVIZIJEDANA2":"revisionday2","DANIZMENE2":"revisionday2","DAN_IZMENE2":"revisionday2","DANIZMJENE2":"revisionday2","MJESECIZMJENE":"revisionmonth","MESECIZMENE":"revisionmonth","REVISIONMONTH":"revisionmonth","REVIZIJAMJESECA":"revisionmonth","MESEC_IZMENE":"revisionmonth","MJESECIZMJENE1":"revisionmonth1","MESECIZMENE1":"revisionmonth1","REVISIONMONTH1":"revisionmonth1","MESEC_IZMENE1":"revisionmonth1","GODINAIZMJENE":"revisionyear","GODINAIZMENE":
"revisionyear","REVISIONYEAR":"revisionyear","REVIZIJAGODINE":"revisionyear","GODINA_IZMENE":"revisionyear","OZNAKAVREMENAIZMJENE":"revisiontimestamp","OZNAKAVREMENAIZMENE":"revisiontimestamp","REVISIONTIMESTAMP":"revisiontimestamp","REVIZIJAVREMENSKOGPECATA":"revisiontimestamp","VREMEIZMENE":"revisiontimestamp","VREME_IZMENE":"revisiontimestamp","VREMENSKAOZNAKAIZMJENE":"revisiontimestamp","KORISNIKIZMENE":"revisionuser","KORISNIK_IZMENE":"revisionuser","REVISIONUSER":"revisionuser","CASCADINGSOURCES":"cascadingsources","IMENSKIPROSTOR":"namespace","NAMESPACE":"namespace","IMENSKI_PROSTOR":"namespace","POKAZINASLOV":"displaytitle","DISPLAYTITLE":"displaytitle","NAZIVPRIKAZA":"displaytitle","NAZIV_PRIKAZA":"displaytitle","POKAŽINASLOV":"displaytitle","!":"!","TRENUTNIMJESEC":"currentmonth","TRENUTNIMESEC":"currentmonth","TRENUTAČNIMJESEC":"currentmonth","CURRENTMONTH":"currentmonth","CURRENTMONTH2":"currentmonth","TRENUTNI_MESEC":"currentmonth","TEKUĆIMESEC":"currentmonth",
"TEKUĆI_MESEC":"currentmonth","TRENUTNIMJESEC1":"currentmonth1","TRENUTNIMESEC1":"currentmonth1","TRENUTAČNIMJESEC1":"currentmonth1","CURRENTMONTH1":"currentmonth1","TRENUTNI_MESEC1":"currentmonth1","TEKUĆIMESEC1":"currentmonth1","TEKUĆI_MESEC1":"currentmonth1","TRENUTNIMJESECIME":"currentmonthname","TRENUTNIMESECIME":"currentmonthname","TRENUTAČNIMJESECIME":"currentmonthname","CURRENTMONTHNAME":"currentmonthname","IMETEKUĆEGMESECA":"currentmonthname","IME_TEKUĆEG_MESECA":"currentmonthname","TRENUTNIMJESECROD":"currentmonthnamegen","TRENUTNIMESECROD":"currentmonthnamegen","TRENUTAČNIMJESECROD":"currentmonthnamegen","CURRENTMONTHNAMEGEN":"currentmonthnamegen","TRENUTNIMESECGEN":"currentmonthnamegen","TEKUĆIMESECGEN":"currentmonthnamegen","TEKUĆI_MESEC_GEN":"currentmonthnamegen","TRENUTAČNIMJESECIMEGEN":"currentmonthnamegen","TRENUTNIMJESECSKR":"currentmonthabbrev","TRENUTNIMESECSKR":"currentmonthabbrev","TRENUTAČNIMJESECSKR":"currentmonthabbrev","CURRENTMONTHABBREV":
"currentmonthabbrev","TEKUĆIMESECSKR":"currentmonthabbrev","TEKUĆI_MESEC_SKR":"currentmonthabbrev","TRENUTAČNIMJESECKRAT":"currentmonthabbrev","TRENUTNIDAN":"currentday","TRENUTAČNIDAN":"currentday","CURRENTDAY":"currentday","TEKUĆIDAN":"currentday","TEKUĆI_DAN":"currentday","TRENUTNIDAN2":"currentday2","TRENUTAČNIDAN2":"currentday2","CURRENTDAY2":"currentday2","TEKUĆIDAN2":"currentday2","TEKUĆI_DAN_2":"currentday2","TRENUTNIDANIME":"currentdayname","TRENUTAČNIDANIME":"currentdayname","CURRENTDAYNAME":"currentdayname","IMETEKUĆEGDANA":"currentdayname","IME_TEKUĆEG_DANA":"currentdayname","TRENUTNAGODINA":"currentyear","TRENUTAČNAGODINA":"currentyear","CURRENTYEAR":"currentyear","TEKUĆAGODINA":"currentyear","TEKUĆA_GODINA":"currentyear","TRENUTNOVRIJEME":"currenttime","TRENUTNOVREME":"currenttime","TRENUTAČNOVRIJEME":"currenttime","CURRENTTIME":"currenttime","TEKUĆEVREME":"currenttime","TEKUĆE_VREME":"currenttime","TRENUTNISAT":"currenthour","TRENUTAČNISAT":
"currenthour","CURRENTHOUR":"currenthour","TEKUĆISAT":"currenthour","TEKUĆI_SAT":"currenthour","LOKALNIMJESEC":"localmonth","LOKALNIMESEC":"localmonth","LOCALMONTH":"localmonth","LOCALMONTH2":"localmonth","LOKALNI_MESEC":"localmonth","MJESNIMJESEC":"localmonth","LOKALNIMJESEC1":"localmonth1","LOKALNIMESEC1":"localmonth1","LOCALMONTH1":"localmonth1","LOKALNIMESEC2":"localmonth1","LOKALNI_MESEC2":"localmonth1","MJESNIMJESEC1":"localmonth1","LOKALNIMJESECIME":"localmonthname","LOKALNIMESECIME":"localmonthname","LOCALMONTHNAME":"localmonthname","IMELOKALNOGMESECA":"localmonthname","IME_LOKALNOG_MESECA":"localmonthname","MJESNIMJESECIME":"localmonthname","LOKALNIMJESECROD":"localmonthnamegen","LOKALNIMESECROD":"localmonthnamegen","LOKALNIMJESECGEN":"localmonthnamegen","LOKALNIMESECGEN":"localmonthnamegen","LOCALMONTHNAMEGEN":"localmonthnamegen","LOKALNIMJESECIMEROD":"localmonthnamegen","LOKALNI_MESEC_GEN":"localmonthnamegen","MJESNIMJESECIMEGEN":"localmonthnamegen","LOKALNIMJESECSKR":
"localmonthabbrev","LOKALNIMESECSKR":"localmonthabbrev","LOKALNIMJESECKRAT":"localmonthabbrev","LOCALMONTHABBREV":"localmonthabbrev","LOKALNI_MESEC_SKR":"localmonthabbrev","MJESNIMJESECKRAT":"localmonthabbrev","LOKALNIDAN":"localday","LOCALDAY":"localday","LOKALNI_DAN":"localday","MJESNIDAN":"localday","LOKALNIDAN2":"localday2","LOCALDAY2":"localday2","LOKALNI_DAN2":"localday2","MJESNIDAN2":"localday2","LOKALNIDANIME":"localdayname","LOCALDAYNAME":"localdayname","IMELOKALNOGDANA":"localdayname","IME_LOKALNOG_DANA":"localdayname","MJESNIDANIME":"localdayname","LOKALNAGODINA":"localyear","LOCALYEAR":"localyear","LOKALNA_GODINA":"localyear","MJESNAGODINA":"localyear","LOKALNOVRIJEME":"localtime","LOKALNOVREME":"localtime","LOCALTIME":"localtime","LOKALNO_VREME":"localtime","MJESNOVRIJEME":"localtime","LOKALNISAT":"localhour","LOCALHOUR":"localhour","LOKALNI_SAT":"localhour","MJESNISAT":"localhour","IMESAJTA":"sitename","SITENAME":"sitename","IMEPROJEKTA":"sitename","TRENUTNASEDMICA":
"currentweek","TRENUTAČNITJEDAN":"currentweek","TRENUTNANEDELJA":"currentweek","TRENUTNITJEDAN":"currentweek","CURRENTWEEK":"currentweek","TRENUTNA_NEDELJA":"currentweek","TEKUĆANEDELJA":"currentweek","TEKUĆA_NEDELJA":"currentweek","TRENUTNIDANSEDMICE":"currentdow","TRENUTAČNIDANTJEDNA":"currentdow","TRENUTNIDANNEDELJE":"currentdow","TRENUTNIDANTJEDNA":"currentdow","CURRENTDOW":"currentdow","TRENUTNIDOV":"currentdow","TEKUĆIDUN":"currentdow","LOKALNASEDMICA":"localweek","LOKALNITJEDAN":"localweek","LOKALNANEDELJA":"localweek","LOCALWEEK":"localweek","LOKALNA_NEDELJA":"localweek","MJESNITJEDAN":"localweek","LOKALNIDANSEDMICE":"localdow","LOKALNIDANTJEDNA":"localdow","LOKALNIDANNEDELJE":"localdow","LOCALDOW":"localdow","LOKALNIDUN":"localdow","MJESNIDANTJEDNA":"localdow","REVISIONSIZE":"revisionsize","SADASNJAVERZIJA":"currentversion","CURRENTVERSION":"currentversion","TEKUĆEIZDANJE":"currentversion","TEKUĆE_IZDANJE":"currentversion","TRENUTAČNAIZMJENA":"currentversion",
"TRENUTNAOZNAKAVREMENA":"currenttimestamp","TRENUTAČNAOZNAKAVREMENA":"currenttimestamp","CURRENTTIMESTAMP":"currenttimestamp","SADASNJIVREMENSKIPECAT":"currenttimestamp","TEKUĆIOTISAKVREMENA":"currenttimestamp","TEKUĆI_OTISAK_VREMENA":"currenttimestamp","LOKALNAOZNAKAVREMENA":"localtimestamp","LOCALTIMESTAMP":"localtimestamp","LOKALNIVREMENSKIPECAT":"localtimestamp","OTISAKVREMENA":"localtimestamp","OTISAK_VREMENA":"localtimestamp","MJESNAOZNAKAVREMENA":"localtimestamp","SMEROZNAKE":"directionmark","SMER   _OZNAKE":"directionmark","DIRECTIONMARK":"directionmark","DIRMARK":"directionmark","JEZIKSADRŽAJA":"contentlanguage","JEZIK_SADRŽAJA":"contentlanguage","CONTENTLANGUAGE":"contentlanguage","CONTENTLANG":"contentlanguage","JEZIKPROJEKTA":"contentlanguage","PAGELANGUAGE":"pagelanguage"}],"urlProtocols":
"bitcoin\\:|ftp\\:\\/\\/|ftps\\:\\/\\/|geo\\:|git\\:\\/\\/|gopher\\:\\/\\/|http\\:\\/\\/|https\\:\\/\\/|irc\\:\\/\\/|ircs\\:\\/\\/|magnet\\:|mailto\\:|mms\\:\\/\\/|news\\:|nntp\\:\\/\\/|redis\\:\\/\\/|sftp\\:\\/\\/|sip\\:|sips\\:|sms\\:|ssh\\:\\/\\/|svn\\:\\/\\/|tel\\:|telnet\\:\\/\\/|urn\\:|worldwind\\:\\/\\/|xmpp\\:|\\/\\/","linkTrailCharacters":"/^([a-zčćđžš]+)(.*)$/sDu"}}