{"extCodeMirrorConfig":{"pluginModules":["ext.CodeMirror.addons"],"tagModes":{"ref":"text/mediawiki","pre":"mw-tag-pre","nowiki":"mw-tag-nowiki"},"tags":{"pre":true,"nowiki":true,"gallery":true,"indicator":true,"langconvert":true,"timeline":true,"hiero":true,"charinsert":true,"inputbox":true,"imagemap":true,"source":true,"syntaxhighlight":true,"poem":true,"categorytree":true,"score":true,"templatestyles":true,"templatedata":true,"math":true,"ce":true,"chem":true,"graph":true,"maplink":true,"mapframe":true,"ref":true,"references":true,"section":true},"doubleUnderscore":[{"__không_mục_lục__":"notoc","__khôngmụclục__":"notoc","__notoc__":"notoc","__không_album__":"nogallery","__khôngalbum__":"nogallery","__nogallery__":"nogallery","__luôn_mục_lục__":"forcetoc","__luônmụclục__":"forcetoc","__forcetoc__":"forcetoc","__mục_lục__":"toc","__mụclục__":"toc","__toc__":
"toc","__không_nút_sửa_mục__":"noeditsection","__khôngnútsửamục__":"noeditsection","__noeditsection__":"noeditsection","__không_chuyển_tên__":"notitleconvert","__khôngchuyểntên__":"notitleconvert","__notitleconvert__":"notitleconvert","__notc__":"notitleconvert","__không_chuyển_nội_dung__":"nocontentconvert","__khôngchuyểnnộidung__":"nocontentconvert","__nocontentconvert__":"nocontentconvert","__nocc__":"nocontentconvert"},{"__LIÊN_KẾT_MỤC_MỚI__":"newsectionlink","__LIÊNKẾTMỤCMỚI__":"newsectionlink","__NEWSECTIONLINK__":"newsectionlink","__KHÔNG_LIÊN_KẾT_MỤC_MỚI__":"nonewsectionlink","__KHÔNGLIÊNKẾTMỤCMỚI__":"nonewsectionlink","__NONEWSECTIONLINK__":"nonewsectionlink","__THỂ_LOẠI_ẨN__":"hiddencat","__THỂLOẠIẨN__":"hiddencat","__HIDDENCAT__":"hiddencat","__EXPECTUNUSEDCATEGORY__":"expectunusedcategory","__CHỈ_MỤC__":"index","__CHỈMỤC__":"index","__INDEX__":"index","__KHÔNG_CHỈ_MỤC__":"noindex",
"__KHÔNGCHỈMỤC__":"noindex","__NOINDEX__":"noindex","__ĐỔI_HƯỚNG_NHẤT_ĐỊNH__":"staticredirect","__ĐỔIHƯỚNGNHẤTĐỊNH__":"staticredirect","__STATICREDIRECT__":"staticredirect","__NOGLOBAL__":"noglobal","__ĐỊNHHƯỚNG__":"disambiguation","__DISAMBIG__":"disambiguation"}],"functionSynonyms":[{"kgt":"ns","ns":"ns","nse":"nse","mã_hóa_url":"urlencode","mãhóaurl":"urlencode","mã_hoá_url":"urlencode","mãhoáurl":"urlencode","urlencode":"urlencode","chữ_đầu_hoa":"lcfirst","chữđầuhoa":"lcfirst","lcfirst":"lcfirst","chữ_đầu_thường":"ucfirst","chữđầuthường":"ucfirst","ucfirst":"ucfirst","chữ_hoa":"lc","chữhoa":"lc","lc":"lc","chữ_thường":"uc","chữthường":"uc","uc":"uc","url_địa_phương":"localurl","urlđịaphương":"localurl","localurl":"localurl","localurle":"localurle","url_đủ":"fullurl","urlđủ":"fullurl","fullurl":"fullurl","fullurle":"fullurle","url_chuẩn":"canonicalurl","urlchuẩn":"canonicalurl",
"canonicalurl":"canonicalurl","canonicalurle":"canonicalurle","phân_chia_số":"formatnum","phânchiasố":"formatnum","formatnum":"formatnum","ngữ_pháp":"grammar","ngữpháp":"grammar","grammar":"grammar","giống":"gender","gender":"gender","số_nhiều":"plural","sốnhiều":"plural","plural":"plural","bidi":"bidi","#ngôn_ngữ":"language","#ngônngữ":"language","#language":"language","padleft":"padleft","padright":"padright","mã_hóa_neo":"anchorencode","mãhóaneo":"anchorencode","mã_hoá_neo":"anchorencode","mãhoáneo":"anchorencode","anchorencode":"anchorencode","đường_dẫn_tập_tin":"filepath","đườngdẫntậptin":"filepath","filepath":"filepath","id_trang":"pageid","idtrang":"pageid","pageid":"pageid","nội":"int","int":"int","#đặc_biệt":"special","#special":"special","#speciale":"speciale","#thẻ":"tag","#tag":"tag","#định_dạng_ngày":"formatdate","#địnhdạngngày":"formatdate","#formatdate":"formatdate","#dateformat":"formatdate",
"#cây_thể_loại":"categorytree","#câythểloại":"categorytree","#categorytree":"categorytree","#đích":"target","#target":"target","#babel":"babel","#coordinates":"coordinates","#gọi":"invoke","#invoke":"invoke","#related":"related","#nếu":"if","#if":"if","#nếu_bằng":"ifeq","#nếubằng":"ifeq","#ifeq":"ifeq","#switch":"switch","#nếu_tồn_tại":"ifexist","#nếutồntại":"ifexist","#ifexist":"ifexist","#nếu_công_thức":"ifexpr","#nếucôngthức":"ifexpr","#ifexpr":"ifexpr","#nếu_lỗi":"iferror","#nếulỗi":"iferror","#iferror":"iferror","#giờ":"time","#time":"time","#giờ_địa_phương":"timel","#giờđịaphương":"timel","#timel":"timel","#công_thức":"expr","#côngthức":"expr","#expr":"expr","#rel2abs":"rel2abs","#titleparts":"titleparts","#lst":"lst","#section":"lst","#lstx":"lstx","#section-x":"lstx","#lsth":"lsth","#section-h":"lsth","không_liên_kết_ngôn_ngữ_ngoài":"noexternallanglinks","khôngliênkếtngônngữngoài":
"noexternallanglinks","noexternallanglinks":"noexternallanglinks","#thuộc_tính":"property","#thuộctính":"property","#property":"property","#statements":"statements","#commaseparatedlist":"commaSeparatedList","#cốvấn":"mentor","#cố_vấn":"mentor","#mentor":"mentor","đường_dẫn_bài":"articlepath","đườngdẫnbài":"articlepath","lối_bài":"articlepath","lốibài":"articlepath","articlepath":"articlepath","máy_chủ":"server","máychủ":"server","server":"server","tên_máy_chủ":"servername","tênmáychủ":"servername","servername":"servername","đường_dẫn_kịch_bản":"scriptpath","đườngdẫnkịchbản":"scriptpath","đường_dẫn_script":"scriptpath","đườngdẫnscript":"scriptpath","scriptpath":"scriptpath","đường_dẫn_kiểu":"stylepath","đườngdẫnkiểu":"stylepath","stylepath":"stylepath","numberofwikis":"numberofwikis","tên_kho_wb":"wbreponame","tênkhowb":"wbreponame","wbreponame":"wbreponame"},{"SỐ_TRANG":"numberofpages",
"SỐTRANG":"numberofpages","NUMBEROFPAGES":"numberofpages","SỐ_THÀNH_VIÊN":"numberofusers","SỐTHÀNHVIÊN":"numberofusers","NUMBEROFUSERS":"numberofusers","SỐ_THÀNH_VIÊN_TÍCH_CỰC":"numberofactiveusers","SỐTHÀNHVIÊNTÍCHCỰC":"numberofactiveusers","NUMBEROFACTIVEUSERS":"numberofactiveusers","SỐ_BÀI":"numberofarticles","SỐBÀI":"numberofarticles","NUMBEROFARTICLES":"numberofarticles","SỐ_TẬP_TIN":"numberoffiles","SỐTẬPTIN":"numberoffiles","NUMBEROFFILES":"numberoffiles","SỐ_BẢO_QUẢN_VIÊN":"numberofadmins","SỐBẢOQUẢNVIÊN":"numberofadmins","SỐ_QUẢN_LÝ":"numberofadmins","SỐQUẢNLÝ":"numberofadmins","SỐ_QUẢN_LÍ":"numberofadmins","SỐQUẢNLÍ":"numberofadmins","NUMBEROFADMINS":"numberofadmins","CỠ_NHÓM":"numberingroup","CỠNHÓM":"numberingroup","NUMBERINGROUP":"numberingroup","NUMINGROUP":"numberingroup","SỐ_SỬA_ĐỔI":"numberofedits","SỐSỬAĐỔI":"numberofedits","NUMBEROFEDITS":"numberofedits","XẾP_MẶC_ĐỊNH":
"defaultsort","XẾPMẶCĐỊNH":"defaultsort","DEFAULTSORT":"defaultsort","DEFAULTSORTKEY":"defaultsort","DEFAULTCATEGORYSORT":"defaultsort","CỠ_THỂ_LOẠI":"pagesincategory","CỠTHỂLOẠI":"pagesincategory","PAGESINCATEGORY":"pagesincategory","PAGESINCAT":"pagesincategory","CỠ_TRANG":"pagesize","CỠTRANG":"pagesize","PAGESIZE":"pagesize","MỨC_KHÓA":"protectionlevel","MỨCKHÓA":"protectionlevel","MỨC_KHOÁ":"protectionlevel","MỨCKHOÁ":"protectionlevel","PROTECTIONLEVEL":"protectionlevel","PROTECTIONEXPIRY":"protectionexpiry","NAMESPACEE":"namespacee","SỐ_KHÔNG_GIAN_TÊN":"namespacenumber","SỐKHÔNGGIANTÊN":"namespacenumber","NAMESPACENUMBER":"namespacenumber","KGT_THẢO_LUẬN":"talkspace","KGTTHẢOLUẬN":"talkspace","TALKSPACE":"talkspace","TALKSPACEE":"talkspacee","KGT_NỘI_DUNG":"subjectspace","KGTNỘIDUNG":"subjectspace","SUBJECTSPACE":"subjectspace","ARTICLESPACE":"subjectspace","SUBJECTSPACEE":"subjectspacee","ARTICLESPACEE":"subjectspacee",
"TÊN_TRANG":"pagename","TÊNTRANG":"pagename","PAGENAME":"pagename","TÊN_TRANG_2":"pagenamee","TÊNTRANG2":"pagenamee","PAGENAMEE":"pagenamee","TÊN_TRANG_ĐỦ":"fullpagename","TÊNTRANGĐỦ":"fullpagename","FULLPAGENAME":"fullpagename","FULLPAGENAMEE":"fullpagenamee","ROOTPAGENAME":"rootpagename","ROOTPAGENAMEE":"rootpagenamee","TÊN_TRANG_GỐC":"basepagename","TÊNTRANGGỐC":"basepagename","BASEPAGENAME":"basepagename","BASEPAGENAMEE":"basepagenamee","TÊN_TRANG_PHỤ":"subpagename","TÊNTRANGPHỤ":"subpagename","SUBPAGENAME":"subpagename","SUBPAGENAMEE":"subpagenamee","TÊN_TRANG_THẢO_LUẬN":"talkpagename","TÊNTRANGTHẢOLUẬN":"talkpagename","TALKPAGENAME":"talkpagename","TALKPAGENAMEE":"talkpagenamee","TÊN_TRANG_NỘI_DUNG":"subjectpagename","TÊNTRANGNỘIDUNG":"subjectpagename","SUBJECTPAGENAME":"subjectpagename","ARTICLEPAGENAME":"subjectpagename","SUBJECTPAGENAMEE":"subjectpagenamee","ARTICLEPAGENAMEE":"subjectpagenamee","SỐ_BẢN":"revisionid","SỐBẢN":
"revisionid","REVISIONID":"revisionid","NGÀY_BẢN":"revisionday","NGÀYBẢN":"revisionday","REVISIONDAY":"revisionday","NGÀY_BẢN_2":"revisionday2","NGÀYBẢN2":"revisionday2","REVISIONDAY2":"revisionday2","THÁNG_BẢN":"revisionmonth","THÁNGBẢN":"revisionmonth","REVISIONMONTH":"revisionmonth","THÁNG_BẢN_1":"revisionmonth1","THÁNGBẢN1":"revisionmonth1","REVISIONMONTH1":"revisionmonth1","NĂM_BẢN":"revisionyear","NĂMBẢN":"revisionyear","REVISIONYEAR":"revisionyear","MỐC_THỜI_GIAN_BẢN":"revisiontimestamp","MỐCTHỜIGIANBẢN":"revisiontimestamp","DẤU_THỜI_GIAN_BẢN":"revisiontimestamp","DẤUTHỜIGIANBẢN":"revisiontimestamp","REVISIONTIMESTAMP":"revisiontimestamp","NGƯỜI_DÙNG_BẢN":"revisionuser","NGƯỜIDÙNGBẢN":"revisionuser","REVISIONUSER":"revisionuser","NGUỒN_THEO_TẦNG":"cascadingsources","NGUỒNTHEOTẦNG":"cascadingsources","CASCADINGSOURCES":"cascadingsources","KHÔNG_GIAN_TÊN":"namespace","KHÔNGGIANTÊN":"namespace",
"NAMESPACE":"namespace","TÊN_HIỂN_THỊ":"displaytitle","TÊNHIỂNTHỊ":"displaytitle","DISPLAYTITLE":"displaytitle","!":"!","THÁNG_NÀY":"currentmonth","THÁNGNÀY":"currentmonth","THÁNG_NÀY_2":"currentmonth","THÁNGNÀY2":"currentmonth","CURRENTMONTH":"currentmonth","CURRENTMONTH2":"currentmonth","THÁNG_NÀY_1":"currentmonth1","THÁNGNÀY1":"currentmonth1","CURRENTMONTH1":"currentmonth1","TÊN_THÁNG_NÀY":"currentmonthname","TÊNTHÁNGNÀY":"currentmonthname","CURRENTMONTHNAME":"currentmonthname","TÊN_DÀI_THÁNG_NÀY":"currentmonthnamegen","TÊNDÀITHÁNGNÀY":"currentmonthnamegen","CURRENTMONTHNAMEGEN":"currentmonthnamegen","TÊN_NGẮN_THÁNG_NÀY":"currentmonthabbrev","TÊNNGẮNTHÁNGNÀY":"currentmonthabbrev","CURRENTMONTHABBREV":"currentmonthabbrev","NGÀY_NÀY":"currentday","NGÀYNÀY":"currentday","CURRENTDAY":"currentday","NGÀY_NÀY_2":"currentday2","NGÀYNÀY2":"currentday2","CURRENTDAY2":"currentday2","TÊN_NGÀY_NÀY":"currentdayname","TÊNNGÀYNÀY":
"currentdayname","CURRENTDAYNAME":"currentdayname","NĂM_NÀY":"currentyear","NĂMNÀY":"currentyear","CURRENTYEAR":"currentyear","GIỜ_NÀY":"currenttime","GIỜNÀY":"currenttime","CURRENTTIME":"currenttime","GIỜ_HIỆN_TẠI":"currenthour","GIỜHIỆNTẠI":"currenthour","CURRENTHOUR":"currenthour","THÁNG_ĐỊA_PHƯƠNG":"localmonth","THÁNGĐỊAPHƯƠNG":"localmonth","LOCALMONTH":"localmonth","LOCALMONTH2":"localmonth","THÁNG_ĐỊA_PHƯƠNG_1":"localmonth1","THÁNGĐỊAPHƯƠNG1":"localmonth1","LOCALMONTH1":"localmonth1","TÊN_THÁNG_ĐỊA_PHƯƠNG":"localmonthname","TÊNTHÁNGĐỊAPHƯƠNG":"localmonthname","LOCALMONTHNAME":"localmonthname","LOCALMONTHNAMEGEN":"localmonthnamegen","THÁNG_ĐỊA_PHƯƠNG_TẮT":"localmonthabbrev","THÁNGĐỊAPHƯƠNGTẮT":"localmonthabbrev","LOCALMONTHABBREV":"localmonthabbrev","NGÀY_ĐỊA_PHƯƠNG":"localday","NGÀYĐỊAPHƯƠNG":"localday","LOCALDAY":"localday","NGÀY_ĐỊA_PHƯƠNG_2":"localday2","NGÀYĐỊAPHƯƠNG2":
"localday2","LOCALDAY2":"localday2","TÊN_NGÀY_ĐỊA_PHƯƠNG":"localdayname","TÊNNGÀYĐỊAPHƯƠNG":"localdayname","LOCALDAYNAME":"localdayname","NĂM_ĐỊA_PHƯƠNG":"localyear","NĂMĐỊAPHƯƠNG":"localyear","LOCALYEAR":"localyear","THỜI_GIAN_ĐỊA_PHƯƠNG":"localtime","THỜIGIANĐỊAPHƯƠNG":"localtime","LOCALTIME":"localtime","GIỜ_ĐỊA_PHƯƠNG":"localhour","GIỜĐỊAPHƯƠNG":"localhour","LOCALHOUR":"localhour","TÊN_MẠNG":"sitename","TÊNMẠNG":"sitename","SITENAME":"sitename","TUẦN_NÀY":"currentweek","TUẦNNÀY":"currentweek","CURRENTWEEK":"currentweek","CURRENTDOW":"currentdow","TUẦN_ĐỊA_PHƯƠNG":"localweek","TUẦNĐỊAPHƯƠNG":"localweek","LOCALWEEK":"localweek","LOCALDOW":"localdow","CỠ_PHIÊN_BẢN":"revisionsize","CỠPHIÊNBẢN":"revisionsize","REVISIONSIZE":"revisionsize","BẢN_NÀY":"currentversion","BẢNNÀY":"currentversion","CURRENTVERSION":"currentversion","MỐC_THỜI_GIAN_NÀY":"currenttimestamp","MỐCTHỜIGIANNÀY":
"currenttimestamp","DẤU_THỜI_GIAN_NÀY":"currenttimestamp","DẤUTHỜIGIANNÀY":"currenttimestamp","CURRENTTIMESTAMP":"currenttimestamp","MỐC_THỜI_GIAN_ĐỊA_PHƯƠNG":"localtimestamp","MỐCTHỜIGIANĐỊAPHƯƠNG":"localtimestamp","DẤU_THỜI_GIAN_ĐỊA_PHƯƠNG":"localtimestamp","DẤUTHỜIGIANĐỊAPHƯƠNG":"localtimestamp","LOCALTIMESTAMP":"localtimestamp","DẤU_HƯỚNG_VIẾT":"directionmark","DẤUHƯỚNGVIẾT":"directionmark","DIRECTIONMARK":"directionmark","DIRMARK":"directionmark","NGÔN_NGỮ_NỘI_DUNG":"contentlanguage","NGÔNNGỮNỘIDUNG":"contentlanguage","CONTENTLANGUAGE":"contentlanguage","CONTENTLANG":"contentlanguage","PAGELANGUAGE":"pagelanguage"}],"urlProtocols":
"bitcoin\\:|ftp\\:\\/\\/|ftps\\:\\/\\/|geo\\:|git\\:\\/\\/|gopher\\:\\/\\/|http\\:\\/\\/|https\\:\\/\\/|irc\\:\\/\\/|ircs\\:\\/\\/|magnet\\:|mailto\\:|mms\\:\\/\\/|news\\:|nntp\\:\\/\\/|redis\\:\\/\\/|sftp\\:\\/\\/|sip\\:|sips\\:|sms\\:|ssh\\:\\/\\/|svn\\:\\/\\/|tel\\:|telnet\\:\\/\\/|urn\\:|worldwind\\:\\/\\/|xmpp\\:|\\/\\/","linkTrailCharacters":"/^([a-zàâçéèêîôûäëïöüùÇÉÂÊÎÔÛÄËÏÖÜÀÈÙ]+)(.*)$/sDu"}}